Names,Category
What Is an ETL Pipeline?,Tutorials
Free White Paper: Alternative Data Defines Competition in the US & UK Ecommerce Sectors,Data utilization
Screen Scraping: What Is It and How Does It Work?,Data acquisition
How to Rotate Proxies in Python,Tutorials
Automated Web Scraper With Python AutoScraper [Guide],Tutorials
How to Run a Python Script as a Service (Windows & Linux),Scrapers
Oxylabs Attends Current 2022: The Next Generation of Kafka Summit,News
Oxylabs Acquires Webshare Software Company,News
OxyCon 2022: The Top Takeaways From Day Two,OxyCon
OxyCon 2022: The Top Takeaways From Day One,OxyCon
Go vs Python: The Differences in 2022,Scrapers
6 Web Scraping Project Ideas to Sharpen Your Skills,Data acquisition
How to Continuously Yield High Quality Data | Interview with Glen De Cauwsemaecker,News
Asynchronous Web Scraping With Python & AIOHTTP,Tutorials
Web Scraping with Rust,Tutorials
2 Weeks Until OxyCon So Hurry Up and Register!,OxyCon
Data Pipeline Architecture Explained,Data acquisition
Automated Web Scraper With Python & Windows Task Scheduler,Scrapers
Pay as You Go: Brand New Pricing Plan for Residential Proxies,News
